series,pearson,spearman,hard_jaccard,easy_jaccard,percentile_vs_split_half,perm_p
Human split-half median,0.3991440284499671,0.4267717260103976,0.13513513513513514,0.23529411764705882,0.5,
Human vs average model,0.40186501155624427,0.45415220483638874,0.1,0.41935483870967744,0.523,0.0001999600079984003
Human vs best single model,0.2762636892631837,0.2764117787817283,0.0,0.2571428571428571,0.023,0.0033993201359728054
Human vs per-pair oracle,0.34337920380950654,0.3460640592701039,0.1,0.375,0.179,0.0003999200159968006
