task_set,attempted,n_tasks,mean_input_cells,mean_input_colors,mean_train_pairs,mean_test_pairs,attempted_label
Public Eval,0.0,5,269.15999999999997,6.297142857142857,3.6,1.2,Unattempted
Public Eval,1.0,115,424.7888612836439,5.446832298136646,2.965217391304348,1.4,Attempted
Public Train,0.0,674,145.8991101669514,3.7484910037209738,3.2270029673590503,1.0667655786350148,Unattempted
Public Train,1.0,326,293.0593095724998,4.355528775927549,3.2423312883435584,1.0950920245398772,Attempted
